"name","agegroup","treatment","connective","epithelial","muscle","nervous"
"tom","young","low",0.0358391298071701,0.44919288625695,0.19416182536385,0.32080615857203
"jerry","old","low",0.115010844530847,0.441995210400279,0.315029418788854,0.12796452628002
"sylvester","old","med",0.20755104909213,0.344952419515711,0.236467281013448,0.211029250378711
"tweety","young","med",0.237752492642053,0.258370711858353,0.0994453023362686,0.404431493163324
"bugs","young","high",0.243490688631136,0.270119665664885,0.36477712607799,0.121612519625989
"daffy","old","high",0.257055426261093,0.165764272617525,0.267019626045613,0.31016067507577
